﻿Title;Author;Press;Year
追风筝的人;[美] 卡勒德·胡赛尼 ;上海人民出版社;2006
解忧杂货店;[日] 东野圭吾 ;南海出版公司;2014
小王子;[法] 圣埃克苏佩里 ;人民文学出版社;2003
白夜行;[日] 东野圭吾 ;南海出版公司;2008
活着;余华 ;作家出版社;2012
嫌疑人X的献身;[日] 东野圭吾 ;南海出版公司;2008
三体:“地球往事”三部曲之一;刘慈欣 ;重庆出版社;2008
围城;钱锺书 ;人民文学出版社;1991
挪威的森林;[日] 村上春树 ;上海译文出版社;2001
红楼梦;[清] 曹雪芹 著 ;人民文学出版社;1996
百年孤独;[哥伦比亚] 加西亚·马尔克斯 ;南海出版公司;2011
看见;柴静 ;广西师范大学出版社;2013
平凡的世界（全三部）;路遥 ;人民文学出版社;2005
三体Ⅱ:黑暗森林;刘慈欣 ;重庆出版社;2008
三体Ⅲ:死神永生;刘慈欣 ;重庆出版社;2010
我们仨;杨绛 ;生活·读书·新知三联书店;2003
不能承受的生命之轻;[捷克] 米兰·昆德拉 ;上海译文出版社;2003
达·芬奇密码;[美] 丹·布朗 ;上海人民出版社;2004
天才在左疯子在右:国内第一本精神病人访谈手记;高铭 ;武汉大学出版社;2010
明朝那些事儿（壹）:洪武大帝;当年明月 ;中国友谊出版公司;2006
哈利·波特与魔法石;[英] J. K. 罗琳 ;人民文学出版社;2000
简爱（英文全本）;[英] 夏洛蒂·勃朗特 ;世界图书出版公司;2003
傲慢与偏见;[英] 奥斯丁 ;人民文学出版社;1993
恶意;[日] 东野圭吾 ;南海出版公司;2009
许三观卖血记;余华 ;南海出版公司;1998
目送;龙应台 ;生活·读书·新知三联书店;2009
边城;沈从文 ;北岳文艺出版社;2002
霍乱时期的爱情;[哥伦比亚] 加西亚·马尔克斯 ;南海出版公司;2012
人间失格;太宰治 ;吉林出版集团有限责任公司;2009
飘;[美国] 玛格丽特·米切尔 ;译林出版社;2000
盗墓笔记:七星鲁王宫;南派三叔 ;中国友谊出版公司;2007
倾城之恋;花城出版社 ;花城出版社;1997
窗边的小豆豆;[日] 黑柳彻子 著 ;南海出版公司;2003
哈利·波特与阿兹卡班的囚徒;[英] J. K. 罗琳 ;人民文学出版社;2000
狼图腾;姜戎 ;长江文艺出版社;2004
老人与海;海明威 ;上海译文出版社;1999
房思琪的初恋乐园;林奕含 ;北京联合出版公司;2018
哈利·波特与火焰杯;[英] J. K. 罗琳 ;人民文学出版社;2001
万历十五年;[美] 黄仁宇 ;生活·读书·新知三联书店;1997
哈利·波特与密室;[英] J. K. 罗琳 ;人民文学出版社;2000
穆斯林的葬礼;霍达 ;北京十月文艺出版社;1988
鲁滨逊漂流记;[英] 笛福 ;广西民族出版社;2002
1984;[英] 乔治·奥威尔 ;北京十月文艺出版社;2010
送你一颗子弹;刘瑜 ;上海三联书店;2010
情人;[法] 玛格丽特·杜拉斯 ;上海译文出版社;2005
骆驼祥子;老舍 ;人民文学出版社;2000
黄金时代:时代三部曲;王小波 ;花城出版社;1999
三国演义（全二册）;[明] 罗贯中 ;人民文学出版社;1998
月亮与六便士;[英] 威廉·萨默塞特·毛姆 ;浙江文艺出版社;2017
哈利·波特与混血王子;[英] J. K. 罗琳 ;人民文学出版社;2005
牧羊少年奇幻之旅;[巴西]保罗·柯艾略 ;南海出版公司;2009
哈利·波特与凤凰社;[英] J. K. 罗琳 ;人民文学出版社;2003
1Q84BOOK1:4月～6月;[日] 村上春树 ;南海出版公司;2010
悟空传:修订版;今何在 ;光明日报出版社;2001
哈利·波特与死亡圣器;[英] J. K. 罗琳 ;人民文学出版社;2007
局外人;[法] 阿尔贝·加缪 ;上海译文出版社;2010
苏菲的世界;（挪威）乔斯坦·贾德 ;作家出版社;1999
向左走·向右走;幾米 ;生活·读书·新知三联书店;2002
白鹿原;陈忠实 ;人民文学出版社;1997
无声告白;[美] 伍绮诗 ;江苏凤凰文艺出版社;2015
天龙八部;金庸 ;生活.读书.新知三联书店;1994
茶花女;小仲马 ;外国文学出版社;1997
基督山伯爵;大仲马 ;上海译文出版社;1991
呼啸山庄;（英）勃朗特 ;人民文学出版社;1999
亲爱的安德烈;龙应台 ;人民文学出版社;2008
了不起的盖茨比;菲茨杰拉德 ;人民文学出版社;2004
一个陌生女人的来信;[奥] 斯台芬·茨威格 ;上海译文出版社;2007
沉默的大多数:王小波杂文随笔全编;王小波 ;中国青年出版社;1997
灿烂千阳;[美] 卡勒德·胡赛尼 ;上海人民出版社;2007
福尔摩斯探案全集（上中下）;[英] 阿·柯南道尔 ;群众出版社;1981
无人生还;[英] 阿加莎・克里斯蒂 ;人民文学出版社;2008
东方快车谋杀案;[英] 阿加莎·克里斯蒂 ;人民文学出版社;2006
莲花;安妮宝贝 ;作家出版社;2006
笑傲江湖（全四册）;金庸 ;生活·读书·新知三联书店;1994
海边的卡夫卡;[日] 村上春树 ;上海译文出版社;2003
巴黎圣母院;[法]雨果 ;人民文学出版社;1982
兄弟（上）;余华 ;上海文艺出版社;2005
情书;[日] 岩井俊二 ;天津人民出版社;2004
我不喜欢这世界，我只喜欢你;乔一 ;湖南少年儿童出版社;2015
呐喊;鲁迅 ;人民文学出版社;1973
城南旧事:纪念普及版;林海音 文 ;中国青年出版社;2003
羊脂球;（法）莫泊桑 ;北京燕山出版社;2007
肖申克的救赎;[美] 斯蒂芬·金 ;人民文学出版社;2006
乌合之众:大众心理研究;（法）勒庞 ;中央编译出版社;2011
动物农场;[英] 乔治·奥威尔 ;上海译文出版社;2007
少有人走的路:心智成熟的旅程;[美] M·斯科特·派克 ;吉林文史出版社;2007
神雕侠侣;金庸 ;生活·读书·新知三联书店;1994
安徒生童话故事集;（丹麦）安徒生 ;人民文学出版社;1997
爱你就像爱生命;王小波 ;上海锦绣文章出版社;2008
红玫瑰与白玫瑰;张爱玲 ;花城出版社;1996
当我谈跑步时我谈些什么;[日] 村上春树 ;南海出版公司;2009
朝花夕拾;鲁迅 ;人民文学出版社;1972
阿Q正传;鲁迅 著 ;上海书店出版社;2003
民主的细节:美国当代政治观察随笔;刘瑜 ;上海三联书店;2009
遇见未知的自己;张德芬 ;华夏出版社;2008
鬼吹灯之精绝古城;天下霸唱 ;安徽文艺出版社;2006
梦里花落知多少;三毛 ;北京十月文艺出版社;2007
巨人的陨落:世纪三部曲;[英] 肯·福莱特 ;江苏凤凰文艺出版社;2016
海底两万里;[法国] 儒尔·凡尔纳 ;译林出版社;2002
半生缘;张爱玲 ;北京十月文艺出版社;2006
华胥引（全二册）;唐七公子 ;现代出版社;2011
一只特立独行的猪;王小波 ;北方文艺出版社;2006
格林童话全集;[德国]格林兄弟 ;人民文学出版社;1994
射雕英雄传（全四册）;金庸 ;生活·读书·新知三联书店;1999
陪安东尼度过漫长岁月;安东尼 ;长江文艺出版社;2008
一个人的朝圣;[英] 蕾秋·乔伊斯 ;北京联合出版公司;2013
杀死一只知更鸟;[美] 哈珀·李 ;译林出版社;2012
这些都是你给我的爱;文：安东尼 ;长江文艺出版社;2010
你今天真好看;莉兹·克里莫 ;天津人民出版社;2015
喜宝;亦舒 ;新世界出版社;2007
这些人，那些事;吴念真 ;译林出版社;2011
如何阅读一本书;[美] 莫提默·J. 艾德勒 ;商务印书馆;2004
孩子你慢慢来;龙应台 ;生活·读书·新知三联书店;2009
麦琪的礼物:欧·亨利短篇小说经典;[美] 欧·亨利 ;上海社会科学院出版社;2003
流浪地球:刘慈欣获奖作品;刘慈欣 ;湖北长江出版集团，长江文艺出版社;2008
查令十字街84号;[美] 海莲·汉芙 ;译林出版社;2005
雷雨;曹禺 ;人民文学出版社;1999
菊与刀:日本文化的类型;（美）鲁思・本尼迪克特 ;商务印书馆;1990
刀锋;[英]毛姆 ;上海译文出版社;2007
水浒传（全二册）;[明] 施耐庵 ;人民文学出版社;1997
西游记（全二册）;吴承恩 ;人民文学出版社;2004
地下铁;幾米 ;辽宁教育出版社;2002
步步惊心;桐华 ;民族出版社;2006
我与地坛:史铁生代表作;史铁生 ;春风文艺出版社;2002
最好的我们;八月长安 ;湖南文艺出版社;2013
富爸爸，穷爸爸;（美）罗伯特・T・清崎 ;世界图书出版公司;2000
狂人日记;鲁迅 ;京华出版社;2006
球状闪电;刘慈欣 ;四川科学技术出版社;2005
尘埃落定;阿来 ;人民文学出版社;1998
孤独六讲;蒋勋 ;广西师范大学出版社;2009
那些回不去的年少时光;桐华 ;江苏文艺出版社;2010
悲惨世界（上中下）;[法] 雨果 ;人民文学出版社;1992
此间的少年;江南 ;华文出版社;2004
飞鸟集;[印] 罗宾德拉纳德·泰戈尔 ;哈尔滨出版社;2004
金锁记;张爱玲 ;哈尔滨出版社;2005
呼兰河传:1947年版本・原版珍藏;萧红 ;百花文艺出版社;2005
瓦尔登湖;[美] 梭罗 ;上海译文出版社;2006
倚天屠龙记(共四册);金庸 ;三联书店;1999
荆棘鸟;[澳] 考琳·麦卡洛 ;译林出版社;1998
哭泣的骆驼;三毛 ;哈尔滨出版社;2003
夏洛的网;[美] E.B.怀特 ;上海译文出版社;2004
史蒂夫·乔布斯传;[美] 沃尔特·艾萨克森 ;中信出版社;2011
我的天才女友:那不勒斯四部曲-01;[意] 埃莱娜·费兰特 ;人民文学出版社;2017
鹿鼎记（全五册）;金庸 ;广州出版社 花城出版社;2008
时间简史:插图本;[英] 史蒂芬·霍金 ;湖南科学技术出版社;2010
海贼王:ONEPIECE;尾田荣一郎 ;浙江人民美术出版社;2007
伊豆的舞女;[日] 川端康成 ;广西师范大学出版社;2002
红与黑;[法] 司汤达 ;人民文学出版社;2002
人生;路遥 ;北京十月文艺出版社;2009
寻路中国:从乡村到工厂的自驾之旅;[美] 彼得·海斯勒 ;上海译文出版社;2011
长恨歌;王安忆 ;南海出版公司;2003
东霓;笛安 ;长江文艺出版社;2010
常识;梁文道 ;广西师范大学出版社;2009
陆犯焉识;严歌苓 ;作家出版社;2011
你一定爱读的极简欧洲史:为什么欧洲对现代文明的影响这么深;约翰·赫斯特（John Hirst） ;广西师范大学出版社;2011
中国历代政治得失;钱穆 ;生活·读书·新知三联书店;2001
时间旅行者的妻子;[美] 奥德丽·尼芬格 ;人民文学出版社;2007
你好，旧时光（上下）;八月长安 ;新世界出版社;2009
自控力:斯坦福大学最受欢迎心理学课程;[美]  凯利·麦格尼格尔 ;文化发展出版社(原印刷工业出版社);2012
失恋33天:小说，或是指南;鲍鲸鲸 ;中信出版社;2010
罗生门;[日]芥川龙之介 ;上海译文出版社;2008
一九八四·动物农场;[英] 乔治·奥威尔 ;上海译文出版社;2003
变形记:卡夫卡小说;[奥] 卡夫卡 ;浙江文艺出版社;2003
父与子全集;[德] 埃·奥·卜劳恩 绘 ;中国工人出版社;2003
一千零一夜;纳训 ;人民文学出版社;2003
历史深处的忧虑:近距离看美国之一;林达 ;生活·读书·新知三联书店;1997
匆匆那年（上下）;九夜茴 ;东方出版社;2008
项链:莫泊桑中短篇小说选;[法] 莫泊桑 ;河北教育出版社;2005
影响力;[美] 罗伯特·西奥迪尼 ;中国人民大学出版社;2006
人性的弱点全集;[美] 戴尔·卡耐基 ;中国发展出版社;2008
那些年，我们一起追的女孩;九把刀 ;花山文艺出版社;2007
冰与火之歌（卷一）:权力的游戏;[美] 乔治·R. R. 马丁 ;重庆出版社;2005
橙:陪安东尼度过漫长岁月Ⅱ;安东尼 ;长江文艺出版社;2010
大地之灯;七堇年 ;长江文艺出版社;2007
世界尽头与冷酷仙境;[日] 村上春树 ;上海译文出版社;2002
未来简史;[以色列] 尤瓦尔·赫拉利 ;中信出版集团;2017
香水:一个谋杀犯的故事;[德] 帕·聚斯金德 ;上海译文出版社;2005
江城;[美] 彼得·海斯勒 ;上海译文出版社;2012
人间词话;王国维 ;上海古籍出版社;1998
阿狸·梦之城堡;hans ;上海锦绣文章出版社;2009
看不见的城市;[意大利]伊塔洛·卡尔维诺 ;译林出版社;2006
新名字的故事:那不勒斯四部曲-02;[意] 埃莱娜·费兰特 ;人民文学出版社;2017
把时间当作朋友:运用心智获得解放;李笑来 ;电子工业出版社;2009
雨季不再来;三毛 ;北京十月文艺出版社;2007
面纱;(英)W.萨默塞特·毛姆 ;重庆;2012
天使与魔鬼;[美] 丹.布朗 ;人民文学出版社;2005
一句顶一万句;刘震云 ;长江文艺出版社;2009
ZOO;[日] 乙一 ;当代世界出版社;2007
尼罗河上的惨案;[英] 阿加莎·克里斯蒂 ;人民文学出版社;2006
七夜雪;沧月 ;北京十月文艺出版社;2006
国境以南太阳以西;[日] 村上春树 ;上海译文出版社;2001
第一炉香;张爱玲 ;花城出版社;1997
文学回忆录（全2册）:1989—1994;木心 讲述 ;广西师范大学出版社;2013
没有色彩的多崎作和他的巡礼之年;[日] 村上春树 ;南海出版公司;2013
京华烟云;林语堂 ;陕西师范大学出版社;2005
往事并不如烟;章诒和 ;人民文学出版社;2004
哈姆莱特;[英] 莎士比亚 ;人民文学出版社;2001
海子的诗;海子 ;人民文学出版社;1999
蔷薇岛屿;安妮宝贝 ;作家出版社;2002
万水千山走遍;三毛 ;哈尔滨出版社;2003
芳华;严歌苓 ;人民文学出版社;2017
教父;[美]马里奥·普佐 ;译林出版社;1997
最初的爱情最后的仪式;[英] 伊恩·麦克尤恩 ;南京大学出版社;2010
娱乐至死;[美] 尼尔·波兹曼 ;广西师范大学出版社;2011
我的精神家园:王小波杂文自选集;王小波 ;文化艺术出版社;1997
雾都孤儿;[英]狄更斯 ;上海译文出版社;1991
激荡三十年（上）:中国企业1978-2008;吴晓波 ;中信出版社 浙江人民出版社;2007
妻妾成群;苏童 ;上海文艺出版社;2004
生活在别处;[捷克] 米兰·昆德拉 ;上海译文出版社;2004
新参者;[日] 东野圭吾 ;南海出版公司;2011
九州·缥缈录;江南 ;新世界出版社;2005
斯通纳;[美] 约翰·威廉斯 ;上海人民出版社;2016
台北人;白先勇 ;广西师范大学出版社;2010
设计中的设计;[日] 原研哉 ;山东人民出版社;2006
野火集:二十年纪念版;龙应台 ;文汇出版社;2005
心是孤独的猎手;[美] 卡森·麦卡勒斯 ;上海三联书店;2005
一个叫欧维的男人决定去死;[瑞典] 弗雷德里克·巴克曼 ;四川文艺出版社;2015
我执;梁文道 ;广西师范大学出版社;2010
占星术杀人魔法;[日] 岛田庄司 ;新星出版社;2008
琅琊榜;海宴 ;朝华出版社;2007
佛祖在一号线;李海鹏 ;文化艺术出版社;2010
偷书贼;[澳] 马克斯·苏萨克 ;南海出版公司;2007
舞！舞！舞！;[日] 村上春树 ;上海译文出版社;2002
乡土中国;费孝通 ;上海人民出版社;2006
动物凶猛;王朔 ;中国电影出版社;2004
爱的艺术;[美] 艾·弗洛姆 ;上海译文出版社;2008
白银时代:时代三部曲;王小波 ;花城出版社;1997
枪炮、病菌与钢铁:人类社会的命运;[美] 贾雷德·戴蒙德 ;上海世纪出版集团;2006
红拂夜奔;王小波 ;江苏文艺出版社;2005
浪潮之巅;吴军 ;电子工业出版社;2011
小姨多鹤;严歌苓 ;作家出版社;2008
夹边沟记事;杨显惠 ;花城出版社;2008
罗杰疑案;[英] 阿加莎·克里斯蒂 ;人民文学出版社;2006
高效能人士的七个习惯（精华版）;[美] 史蒂芬·柯维 ;中国青年出版社;2011
失踪的孩子:那不勒斯四部曲-04;[意] 埃莱娜·费兰特 ;99读书人|人民文学出版社;2018
观念的水位;刘瑜 ;浙江大学出版社;2013
云中歌1;桐华 ;作家出版社;2007
巨流河;齐邦媛 ;生活·读书·新知三联书店;2010
邓小平时代;傅高义 (Ezra.F.Vogel) ;生活·读书·新知三联书店;2013
非暴力沟通;[美] 马歇尔·卢森堡 ;华夏出版社;2009
来不及说我爱你;匪我思存 ;新世界出版社;2006
中国大历史;黄仁宇 ;生活·读书·新知三联书店;2007
寻羊冒险记;[日] 村上春树 ;上海译文出版社;2001
